iso3,name,risk,hazardExposure,naturalHazards,humanHazards,vulnerability,lackCopingCapacity,deathsValue,deathsYear,lossUsdValue,lossUsdYear,lossGdpValue,lossGdpYear,nationalStrategyValue,nationalStrategyYear,localStrategyValue,localStrategyYear,disasterDisplacementValue,disasterDisplacementYear,drrOdaYear,drrOdaDisbursementUsd,drrOdaCommitmentUsd,gcfDrrProjectCount,gcfDrrPrivateSectorProjectCount,gcfDrrPublicSectorProjectCount,gcfDrrDirectAccessProjectCount,gcfDrrLinkedGcfBudgetUsd,gcfDrrLinkedTotalBudgetUsd,gcfDrrLinkedCoFinancingUsd,ochaHumanitarianYear,ochaHumanitarianFundingUsd,worldRiskIndexValue,worldRiskIndexYear,worldRiskExposureValue,worldRiskVulnerabilityValue,worldRiskSusceptibilityValue,worldRiskLackCopingValue,worldRiskLackAdaptationValue,ndGainValue,ndGainYear,ndGainVulnerabilityValue,ndGainReadinessValue,waterStressScore,waterStressLabel,waterStress2050Score,riverFloodRiskScore,riverFloodRiskLabel,droughtRiskScore,droughtRiskLabel,worldBankDrmProjectCount,worldBankDrmActiveProjectCount,worldBankDrmCommitmentUsd
SSD,South Sudan,8.5,7.4,3.8,9.2,8.9,9.2,7.56,2021,10701,2016,0,2016,,,,,167000,2023,2024,2678721,10512896,4,0,4,0,486430350,1127032766,640602416,2026,374268973,4.17,2025,0.25,69.62,69,66.23,73.84,,,,,1.393236802,Low - Medium (10-20%),0.849959146810694,4.35345503,Extremely High (more than 1 in 100),1.88389478,Low - Medium (0.2-0.4),1,0,75000000
SOM,Somalia,8.1,8.1,6.6,9.1,9.4,7.1,21.18,2021,0,2023,0,2023,0.75,2018,42.86,2018,2043000,2023,2024,45600205,48168729,6,1,5,0,886246722,3393726309,2507479587,2026,158017498,24.89,2025,8.55,72.45,68.89,81.04,68.13,37.5258665499648,2023,0.610504400996975,0.361021731996272,1.674658334,Low - Medium (10-20%),1.41692354073619,5,Extremely High (more than 1 in 100),2.41188633,Medium (0.4-0.6),2,0,0
YEM,Yemen,8.1,7.8,4.5,9.5,8.4,8.1,23.68,2021,36484,2022,0,2022,,,,,240000,2023,2024,531233,2055606,,,,,,,,2026,324934193,24.83,2025,9.12,67.59,59.67,72.95,70.93,35.3974998088243,2023,0.534145476899263,0.24209547307575,4.693675833,Extremely High (>80%),4.49468249273583,4.018270676,Extremely High (more than 1 in 100),,,,,
COD,"Congo, Democratic Republic of the",8,8.3,4,10,7.7,8.1,38.32,2021,,,,,,,,,133000,2023,2024,34889854,288572732,3,2,1,0,333500000,973000000,639500000,2026,501872619,9.68,2025,1.37,68.41,67.14,67.92,70.21,32.663081371401,2023,0.560868774413191,0.214130401841211,0.012159601,Low (<10%),0.478654055594274,3.107798964,"High (8 in 1,000 to 1 in 100)",1.86949397,Low - Medium (0.2-0.4),,,
TCD,Chad,7.9,7.1,4,8.8,8.2,8.6,30.21,2021,,,,,,,,,16000,2023,2024,679562,240812,5,1,4,0,468870622,939805921,470935299,2026,245419985,2.91,2025,0.12,70.7,67.25,70.07,75.01,27.3512480018784,2023,0.639626882645707,0.186651842683275,0.853364564,Low (<10%),1.36371775787051,4.099907296,Extremely High (more than 1 in 100),,,,,
AFG,Afghanistan,7.8,7.7,5.7,9,8.3,7.4,522.38,2021,0,2020,0,2020,0.73,2019,0,2017,418000,2023,2024,2650725,2860569,,,,,,,,2026,278736671,3.7,2025,0.25,54.81,32.13,73.62,69.61,33.1928941853536,2023,0.58751617832868,0.251374062035753,3.369185991,High (40-80%),3.60512090673604,4.268904463,Extremely High (more than 1 in 100),2.838686,Medium (0.4-0.6),3,1,35000000
SDN,Sudan,7.8,8.3,3.9,10,7.5,7.7,57.35,2021,1274346496,2019,0.04,2019,0.55,2019,11.11,2019,58000,2023,2024,386973,149032,,,,,,,,2026,645047007,10.41,2025,1.65,65.69,59.29,64.66,73.93,31.3320132805069,2023,0.611921181135229,0.238561446745367,1.457958178,Low - Medium (10-20%),1.5621217457556,3.982389561,"High (8 in 1,000 to 1 in 100)",,,1,0,0
SYR,Syrian Arab Republic,7.8,8.6,5.3,10,7.8,7,1.65,2021,281588,2009,0,2009,,,,,702000,2023,2024,104059,92819,,,,,,,,2026,506855555,12.65,2025,2.53,63.24,51.54,74.84,65.56,36.8859690122157,2023,0.486357761630186,0.224077141874499,4.013468628,Extremely High (>80%),4.20830585335474,3.266019186,"High (8 in 1,000 to 1 in 100)",3.72298318,Medium - High (0.6-0.8),,,
CAF,Central African Republic,7.6,6.4,3.2,8.3,8,8.7,0,2021,,,,,,,,,70000,2023,2024,2934916,1652387,,,,,,,,2026,61633012,3.41,2025,0.16,72.71,74.55,66.25,77.83,27.6920740567652,2023,0.578711096441822,0.132552577577126,0.010127157,Low (<10%),0.435251650590583,3.385400914,"High (8 in 1,000 to 1 in 100)",1.19454456,Low - Medium (0.2-0.4),1,0,23900000
HTI,Haiti,7.5,6.9,6.3,7.4,8.3,7.3,2323.97,2021,,,,,0.5,2019,,,9800,2023,2024,5798351,15884864,3,2,1,0,50827206,105038561,54211355,2026,201703463,10.06,2025,2.78,36.4,44.5,15.09,71.81,35.3433700117027,2023,0.509488409313646,0.216355809547699,1.602577632,Low - Medium (10-20%),1.57784952210604,0.791358964,"Low (0 to 2 in 1,000)",3.641886935,Medium - High (0.6-0.8),16,2,437800000
NER,Niger,7.5,7.5,3.6,9.4,7.4,7.7,63,2021,337871,2024,0,2024,0.32,2018,84.67,2018,95000,2023,2024,5150646,3582701,5,1,4,1,417454725.92,886902220.6,469447494.68,2026,96492116,2.17,2025,0.07,67.28,65.23,66.06,70.67,35.0891052312767,2023,0.632980520703441,0.334762625328975,3.471298326,High (40-80%),3.28630145338234,3.679631002,"High (8 in 1,000 to 1 in 100)",,,2,0,37640000
BFA,Burkina Faso,7.2,7.3,2.7,9.4,7.5,6.9,0,2021,71017048,2018,0,2018,0.52,2019,9.02,2019,24000,2023,2024,5866924,800475,9,3,6,1,763250525.9699999,1736911550.7399998,973661024.7699999,2026,107664547,2.04,2025,0.07,59.22,61.52,58.01,58.19,37.6950370363227,2023,0.520926376262667,0.27482711698912,1.646041049,Low - Medium (10-20%),3.11885229798398,2.106289422,"Medium - High (4 in 1,000 to 8 in 1,000)",2.82665289,Medium (0.4-0.6),2,1,36000000
MLI,Mali,7.1,7.6,4.2,9.3,6.8,6.9,0,2021,373789120,2017,0.02,2017,,,,,1300,2023,2024,2927505,1656464,6,1,5,1,393704725.92,695902220.6,302197494.68,2026,102755444,2.24,2025,0.08,62.53,58.61,64.25,64.92,35.2664673890902,2023,0.575536510573169,0.280865858354974,0.677467506,Low (<10%),1.40256185589361,4.054416008,Extremely High (more than 1 in 100),,,2,1,58800000
MOZ,Mozambique,7.1,7.1,5.2,8.4,7.4,6.7,11.52,2021,0,2022,0,2022,0.73,2019,100,2020,655000,2023,2024,24363214,40830304,6,2,4,0,409943697.12,1060439790.01,650496092.89,2026,143993860,34.39,2025,18.1,65.33,65.91,63.33,66.79,38.5185299132892,2023,0.493088994998562,0.263459593264345,0.37050251,Low (<10%),2.28210580383687,4.058069422,Extremely High (more than 1 in 100),2.140937735,Medium (0.4-0.6),9,0,379750000
NGA,Nigeria,7.1,7.9,4.7,9.5,6.4,7,3.75,2021,14957950976,2022,0.03,2022,,,2.71,2022,166000,2023,2024,18976603,13485237,6,4,2,0,576546000.05,1410466112.1399999,833920112.0899999,2026,208339606,9.19,2025,1.32,63.99,56.86,64.34,71.63,38.5734109995968,2023,0.481084976726398,0.252553196718334,0.801556379,Low (<10%),1.51382955964999,2.776766346,"Medium - High (4 in 1,000 to 8 in 1,000)",2.28800455,Medium (0.4-0.6),2,0,508590000
ETH,Ethiopia,7,7.6,3.7,9.4,6.8,6.7,17.85,2021,58002000,2020,0,2020,1,2019,0,2019,618000,2023,2024,40066855,34799158,5,0,5,1,689246722,2310886309,1621639587,2026,375440083,4.87,2025,0.36,66.01,61.91,66.94,69.41,38.5234107049333,2023,0.522363326258994,0.29283154035766,0.961237436,Low (<10%),1.36057354119584,3.027126032,"High (8 in 1,000 to 1 in 100)",2.530258,Medium (0.4-0.6),9,0,1063500000
MMR,"Myanmar, Union of",6.9,8.3,7.1,9.2,6.6,6.1,0,2021,158222128,2023,0,2023,0.05,2022,100,2022,995000,2023,2024,5628532,1807497,1,1,0,0,18500000,28000000,9500000,2026,278251877,36.91,2025,22.43,60.74,55.42,64.47,62.72,36.8926098644018,2023,0.514340557222612,0.252192754510647,2.131153639,Medium - High (20-40%),2.21121100503954,4.402091656,Extremely High (more than 1 in 100),,,1,0,100000000
CMR,Cameroon,6.8,7.2,3.5,9.1,6.6,6.7,0,2021,670447168,2019,0.02,2019,0,2019,,,2900,2023,2024,5972149,5374153,4,3,1,0,600106000.09,1701155400.27,1101049400.1799998,2026,79943811,11.19,2025,2.08,60.2,56.26,61.61,62.93,38.738229360373,2023,0.4856038789901,0.260368466197561,0.008131338,Low (<10%),0.127662070778236,2.773065813,"Medium - High (4 in 1,000 to 8 in 1,000)",1.398330155,Low - Medium (0.2-0.4),1,0,0
PAK,Pakistan,6.6,8.4,7.4,9.2,6.1,5.5,271.83,2021,18249300,2018,0,2018,0.8,2020,29.61,2020,732000,2023,2024,56401486,55973980,5,0,5,0,450727973,4344996104,3894268131,2026,30713839,26.82,2025,13.11,54.85,40.52,63.3,64.34,39.2143381457614,2023,0.515133465900456,0.299420228815684,3.790570063,High (40-80%),3.67840439917393,3.261080485,"High (8 in 1,000 to 1 in 100)",3.360329715,Medium - High (0.6-0.8),18,4,3355000000
UGA,Uganda,6.5,6.1,3.8,7.7,6.9,6.6,5.2,2021,4426419712,2022,0.09,2022,0.43,2022,25.93,2022,50000,2023,2024,21207602,28339936,9,7,2,0,986472160.09,2868515560.27,1882043400.1799998,2026,124063957,2.81,2025,0.23,34.32,47.49,13.84,61.51,37.3901895666133,2023,0.535603099478039,0.283406890810305,0.198089531,Low (<10%),0.899602807260141,2.147514651,"Medium - High (4 in 1,000 to 8 in 1,000)",2.54878685,Medium (0.4-0.6),2,0,50000000
BDI,Burundi,6.4,6.6,3,8.6,6.5,6.2,0,2021,180494592,2023,0.04,2023,0.75,2023,15.13,2023,21000,2023,2024,2368388,4337069,3,1,2,0,340000000,980000000,640000000,2026,11968194,3.04,2025,0.16,57.76,45.88,60.46,69.46,35.960261007696,2023,0.553186563369384,0.272391783523305,0,Low (<10%),0.508787714344085,3.105248845,"High (8 in 1,000 to 1 in 100)",3.087277805,Medium - High (0.6-0.8),1,0,30000000
PSE,Palestine,6.4,7.2,1.6,9.5,6.5,5.6,,,151786432,2018,0.01,2018,0.4,2018,100,2018,250,2022,2024,8040305,33204881,,,,,,,,2026,520410197,,,,,,,,,,,,,,,,,,,,,
LBN,Lebanon,6.3,6.2,3.9,7.7,7.1,5.7,0,2021,0,2021,0,2021,0.65,2019,0,2019,170,2023,2024,2639013,394593,1,1,0,0,18500000,28000000,9500000,2026,217965027,4.29,2025,0.38,48.38,30.59,58.53,63.23,44.4622586400712,2023,0.399068685796453,0.288313858597877,5,Extremely High (>80%),5,4.058835993,Extremely High (more than 1 in 100),3.24031969,Medium - High (0.6-0.8),,,
PNG,Papua New Guinea,6.3,6.2,6,6.4,6,6.8,0,2021,1666669,2020,0,2020,0.77,2020,0,2020,13000,2023,2024,13317859,26015480,2,0,2,0,227449716,906833590,679383874,2026,100000,26.51,2025,18.84,37.29,57.52,13.36,67.46,37.0950465041816,2023,0.5495701839912,0.291471114074833,0,Low (<10%),0,4.043224096,Extremely High (more than 1 in 100),,,4,0,30260000
BGD,Bangladesh,6.2,8.4,8.1,8.7,6.2,4.5,22.9,2021,11295345664,2007,0.12,2007,0,2021,11.93,2020,1791000,2023,2024,157613452,185737815,6,1,5,2,507422540.03999996,1757816440.13,1250393900.09,2026,340055275,26.71,2025,16.57,43.07,27.09,59.29,49.73,35.5462940007947,2023,0.568382610178076,0.27930849019397,2.660561137,Medium - High (20-40%),2.79031097527768,4.643022258,Extremely High (more than 1 in 100),3.95454608,Medium - High (0.6-0.8),19,3,3759260000
KEN,Kenya,6.2,6.9,4.2,8.6,6.4,5.4,9.93,2021,0,2024,0,2024,0.9,2019,61.7,2019,641000,2023,2024,28882939,193604830,9,5,4,0,1194484082.09,3691936382.27,2497452300.18,2026,96702107,13.72,2025,3.27,57.53,58.49,56.38,57.73,40.2536977524334,2023,0.500482899095129,0.305556854143797,0.788210351,Low (<10%),1.77561410912567,4.031405135,Extremely High (more than 1 in 100),3.015458785,Medium - High (0.6-0.8),11,3,1124440000
AGO,Angola,6,5.9,3,7.8,5.2,6.9,24.04,2021,156341664,2020,0,2020,0.43,2018,44.44,2018,79000,2023,2024,3082397,5546634,1,1,0,0,233560000.04,700680000.13,467120000.09,2026,2813334,10.83,2025,2.37,49.49,33.73,52.16,68.91,38.3079378698932,2023,0.506373424333808,0.272532181731671,1.130789734,Low - Medium (10-20%),2.05116465285964,0.81134321,"Low (0 to 2 in 1,000)",1.867009335,Low - Medium (0.2-0.4),,,
IRN,"Iran, Islamic Republic of",5.9,8.4,6.7,9.5,4.4,5.5,26.18,2021,63615000,2011,0,2011,,,,,124000,2023,2024,656508,5645393,,,,,,,,2026,38653932,16.3,2025,12.49,21.28,20.42,57.17,8.25,49.5626295715914,2023,0.376243477312997,0.367496068744824,4.653368575,Extremely High (>80%),4.70226778778551,1.84082625,"Low - Medium (2 in 1,000 to 4 in 1,000)",2.879745965,Medium (0.4-0.6),3,0,650000000
VEN,Venezuela,5.9,7,5.9,7.8,4.1,7,45.78,2021,2470500,2015,0,2015,,,,,730,2023,2024,653872,297566,,,,,,,,2026,98817503,22.12,2025,19.52,25.06,18.43,14.91,57.26,40.9286455193994,2023,0.373138028439569,0.191710938827557,1.820253759,Low - Medium (10-20%),1.90597937798116,1.622782887,"Low - Medium (2 in 1,000 to 4 in 1,000)",2.15647755,Medium (0.4-0.6),1,0,55000000
COG,"Congo, Rep. Of",5.8,4.4,3.3,5.3,6.1,7.2,27.43,2021,,,,,,,,,159000,2023,2024,1296103,328408,,,,,,,,2026,11814782,4.28,2025,0.57,32.16,35.29,14.57,64.71,36.0993545745017,2023,0.522447247654126,0.24443433914416,0.014405137,Low (<10%),0.164562077590223,2.603793459,"Medium - High (4 in 1,000 to 8 in 1,000)",1.107005155,Low - Medium (0.2-0.4),,,
GTM,Guatemala,5.8,6.1,5.8,6.4,6.4,4.9,2.21,2021,251465136,2023,0,2023,0.7,2023,64.71,2023,48000,2023,2024,17300570,22353603,4,1,3,1,244672681,400678751.72,156006070.72,2026,72313931,11.36,2025,4.29,30.06,32.45,14.82,56.49,44.1887059124734,2023,0.434283135074688,0.318057253324156,1.026662175,Low - Medium (10-20%),1.71885386286162,3.512712615,"High (8 in 1,000 to 1 in 100)",2.86202084,Medium (0.4-0.6),2,0,315000000
IRQ,Iraq,5.8,7.7,5.7,8.9,5.3,4.9,17.06,2021,774161216,2018,0,2018,0.85,2018,100,2018,36000,2023,2024,3556277,27467160,1,0,1,0,29252000,38952000,9700000,2026,19853028,9.06,2025,1.72,47.68,37.66,55.7,51.67,43.2586975249766,2023,0.436014273233911,0.301188223733444,4.146234505,Extremely High (>80%),4.73710892656899,3.400285303,"High (8 in 1,000 to 1 in 100)",,,,,
LBY,Libya,5.8,5.4,3.3,7,5.5,6.6,0,2021,,,,,,,,,53000,2023,2024,397781,1482834,,,,,,,,2026,7748593,15.69,2025,4.94,49.81,40.77,62.66,48.37,44.3190114126449,2023,0.415618941696469,0.301999169949368,4.805210731,Extremely High (>80%),4.92122320395648,3.659899624,"High (8 in 1,000 to 1 in 100)",,,,,
MDG,Madagascar,5.8,4.7,5.6,3.6,5.6,7.5,3.19,2021,343188256,2018,0.02,2018,,,,,117000,2023,2024,13980392,22031150,4,2,2,0,598239541.05,1544959040.1399999,946719499.0899999,2026,42852472,23.68,2025,18.38,30.51,25.96,15.28,71.62,35.1642132439695,2023,0.557511934775167,0.260796199654557,0.898642942,Low (<10%),1.49158266453096,4.117547783,Extremely High (more than 1 in 100),2.11250934,Medium (0.4-0.6),6,1,164200000
BEN,Benin,5.6,4.8,3.1,6.1,5.1,7,8.71,2021,72496848,2020,0,2020,0.25,2020,58.44,2020,6900,2022,2024,19336367,16687999.000000002,5,2,3,1,430646000.05,1241525400.1399999,810879400.0899999,2026,8422907,1.62,2025,0.09,29.15,31.61,13.25,59.16,38.5229434147719,2023,0.5713164455052,0.341775313800639,0.003432064,Low (<10%),0.568586218514555,3.129224602,"High (8 in 1,000 to 1 in 100)",2.85717444,Medium (0.4-0.6),4,1,186400000
HND,Honduras,5.6,5.6,5.8,5.4,5.3,5.9,0,2021,312683,2015,0,2015,,,,,5800,2023,2024,8152449.000000001,11169964,3,1,2,1,227800000,375347042.72,147547042.72,2026,75901734,17.78,2025,8.82,35.85,52.48,14.79,59.36,40.7484656397968,2023,0.445033865898592,0.260003178694527,0.112622036,Low (<10%),0.656552219865902,3.526616315,"High (8 in 1,000 to 1 in 100)",2.707179885,Medium (0.4-0.6),11,1,609220000
TZA,Tanzania,5.6,5.4,4.1,6.5,5.3,6.1,51.65,2021,8957060,2023,0,2023,0.65,2018,17.55,2018,46000,2023,2024,32575682.999999996,23541390,7,4,3,1,850212413.0699999,2136885846.17,1286673433.1,2026,16846814,16.11,2025,5.49,47.29,32.8,55.23,58.39,39.8080008808834,2023,0.516026748253955,0.312186765871623,1.90521696,Low - Medium (10-20%),2.72168911430503,3.810360245,"High (8 in 1,000 to 1 in 100)",2.315088155,Medium (0.4-0.6),,,
UKR,Ukraine,5.6,7.9,3,9.8,6.1,3.6,1.03,2021,3926992128,2023,0.02,2023,0.52,2023,92.59,2023,600,2023,2024,65874297,35093294,,,,,,,,2026,913287467,4.34,2025,0.48,39.24,27.95,43.75,49.4,52.4469037554889,2023,0.365102651375417,0.414040726485196,1.372503853,Low - Medium (10-20%),1.46912907660944,2.629977155,"Medium - High (4 in 1,000 to 8 in 1,000)",4.025066165,High (0.8-1.0),,,
DJI,Djibouti,5.5,4.8,4.5,5.1,5.7,6.2,0,2021,0,2012,0,2012,,,,,6100,2022,2024,287770,207706,2,0,2,0,301000000,557290712,256290712,2026,4384856,10.03,2025,4.25,23.69,17.64,14.64,51.48,41.031117317375,2023,0.501747234319754,0.322369580667254,3.175518835,High (40-80%),0.0246254519800676,4.185922177,Extremely High (more than 1 in 100),1.687404525,Low - Medium (0.2-0.4),4,0,10460000
ECU,Ecuador,5.5,7,6.5,7.4,4.8,5,5.73,2021,246986272,2023,0,2023,0.1,2023,81.63,2023,16000,2023,2024,10379960,19107897,6,2,4,1,623937979.05,1378190298.1399999,754252319.0899999,2026,34267954,24.14,2025,14.57,39.98,27.02,47.78,49.5,43.6257702403162,2023,0.461330351743818,0.333845756550143,0.6573219,Low (<10%),1.08998959472686,2.094648411,"Medium - High (4 in 1,000 to 8 in 1,000)",2.61530902,Medium (0.4-0.6),2,0,60000000
MRT,Mauritania,5.5,4.3,4.6,3.9,5.9,6.6,0,2021,,,,,,,,,1100,2023,2024,6111107,19174104,3,1,2,0,251349900,393317612,141967712,2026,11009356,9.06,2025,2.91,28.18,29.16,13.24,57.96,38.8037795481376,2023,0.578337692788211,0.354413283750964,2.727897971,Medium - High (20-40%),2.85508953694843,4.841143914,Extremely High (more than 1 in 100),,,1,1,48000000
ZMB,Zambia,5.5,3.8,3.1,4.5,6.7,6.5,0,2021,95305,2022,0,2022,0.4,2019,,,9300,2023,2024,15306101,18332029,3,1,2,0,347000000,1082269000,735269000,2026,6752266,2.94,2025,0.28,30.84,34.4,13.17,64.73,42.5396759277341,2023,0.484581650335907,0.33537516889059,0.84556736,Low (<10%),1.2531471973877,1.442897161,"Low - Medium (2 in 1,000 to 4 in 1,000)",2.31894426,Medium (0.4-0.6),6,2,80000000
GIN,Guinea,5.4,4.7,3.7,5.5,4.6,7.2,5.02,2021,0,2015,0,2015,,,,,35000,2023,2024,5447126,1114827,4,2,2,0,254064987.07999998,759605524.03,505540536.95,2026,682302,6.92,2025,1.47,32.58,31.83,14.99,72.48,38.936304979348,2023,0.529128867699774,0.307854967286734,0.355084919,Low (<10%),0.291773635659819,3.214458023,"High (8 in 1,000 to 1 in 100)",1.912589305,Low - Medium (0.2-0.4),,,
MWI,Malawi,5.4,4.2,3.9,4.4,6.3,5.9,14.04,2021,9661844,2020,0,2020,0.1,2022,79.41,2022,660000,2023,2024,20370463,41170568,5,1,4,0,517294545,1878172753,1360878208,2026,4799174,3.38,2025,0.35,32.63,34.65,14.9,67.3,36.8830805401972,2023,0.549017491656397,0.28667910246034,0.75280282,Low (<10%),1.00733981233632,4.046766363,Extremely High (more than 1 in 100),2.718335425,Medium (0.4-0.6),12,4,953390000
TUR,Turkiye,5.4,7.7,5.4,9.1,4.6,4.4,69.86,2021,2792339200,2022,0,2022,0,2017,91.36,2021,4053000,2023,2024,48371095,10600429,,,,,,,,2026,22786680,14.62,2025,8.9,24.01,16.04,54.07,15.95,55.2981786793522,2023,0.374649346747413,0.480612920334457,3.386483429,High (40-80%),3.73829018662481,2.090419868,"Medium - High (4 in 1,000 to 8 in 1,000)",3.0096242,Medium - High (0.6-0.8),11,4,3746080000
CIV,Cote d'Ivoire,5.3,3.7,2.9,4.5,6.3,6.3,0,2021,18065600,2020,0,2020,0.5,2020,0,2020,1200,2023,2024,46692942,39632042,7,4,3,1,694936706.01,1904837888.87,1209901182.86,2026,7253319,1.86,2025,0.13,26.62,24.16,12.54,62.28,41.512101899099,2023,0.489171238041047,0.319413276023028,0,Low (<10%),0.0545587738193816,2.401189412,"Medium - High (4 in 1,000 to 8 in 1,000)",2.965271665,Medium (0.4-0.6),,,
COL,Colombia,5.3,7.7,6.5,8.6,6.3,3.1,49.86,2021,658256896,2023,0,2023,1,2023,89.57,2023,351000,2023,2024,267565200,48514469,2,0,2,0,200648771,508641869,307993098,2026,216379246,39.26,2025,31.54,48.86,47.85,50.87,47.91,48.3974739005916,2023,0.405387730559821,0.373337208571654,0.496141456,Low (<10%),0.562143938149855,1.104787465,"Low - Medium (2 in 1,000 to 4 in 1,000)",2.050606065,Medium (0.4-0.6),8,1,1565000000
IND,India,5.3,8.1,7.8,8.4,4.4,4.2,2119.67,2021,2885058048,2021,0,2021,1,2020,93.13,2022,528000,2023,2024,68424116,222361485,6,4,2,5,362873496,4418144246,4055270750,2026,1198544,40.73,2025,35.99,46.1,34.56,54.08,52.43,45.4558519863007,2023,0.48459732132666,0.393714361052674,4.107794474,Extremely High (>80%),4.01924778165136,3.133896244,"High (8 in 1,000 to 1 in 100)",3.800612155,Medium - High (0.6-0.8),24,3,4708680000
LBR,Liberia,5.3,3.7,3.9,3.4,5.6,7,0,2021,212286288,2022,0.05,2022,0.17,2021,80,2021,14000,2023,2024,10560059,9133260,3,1,2,0,92255755,287070874,194815119,2026,6387315,3.64,2025,0.54,24.52,33.94,6.64,65.45,37.1309826722364,2023,0.537843878517471,0.2804635319622,0,Low (<10%),0,4.793889994,Extremely High (more than 1 in 100),1.556526885,Low - Medium (0.2-0.4),1,0,90000
PHL,Philippines,5.3,8.1,8.2,7.9,4.9,3.7,577.08,2021,1305757184,2023,0,2023,1,2023,72.07,2023,2594000,2023,2024,45569770,39398238,2,1,1,2,114470042.27,243231210.4,128761168.13,2026,8244794,46.56,2025,39.99,54.2,50.1,58.54,54.3,45.6051740422682,2023,0.443831296581348,0.355934777426713,2.026275245,Medium - High (20-40%),2.63739657907849,3.08478482,"High (8 in 1,000 to 1 in 100)",2.86569811,Medium (0.4-0.6),17,3,4282510000
TGO,Togo,5.3,4.2,2.4,5.6,5.5,6.5,0,2021,47537180,2021,0.01,2021,0.55,2020,100,2020,16000,2022,2024,6397271,4947326,5,3,2,1,491549987.13,1339302671.17,847752684.04,2026,7866846,1.45,2025,0.07,30.18,33.6,13.63,60.05,42.6786387181448,2023,0.50292389421847,0.356496668581366,0.003242327,Low (<10%),0.674917090342873,3.000466985,"High (8 in 1,000 to 1 in 100)",3.511489105,Medium - High (0.6-0.8),,,
ZWE,Zimbabwe,5.3,4.1,3.9,4.3,6,6,3.21,2021,13526586,2019,0,2019,0.8,2022,100,2022,690,2023,2024,19507308,27815746,3,0,3,0,285432883,752781150,467348267,2026,11488028,2.38,2025,0.2,28.23,24.62,13.34,68.52,36.1211205130407,2023,0.498238873860639,0.220661284121452,2.174587686,Medium - High (20-40%),2.67934359912184,1.800339204,"Low - Medium (2 in 1,000 to 4 in 1,000)",2.56542228,Medium (0.4-0.6),1,0,150000000
PER,Peru,5.2,6.7,6.4,7,5.3,3.9,21.14,2021,521665472,2020,0,2020,1,2023,87.47,2023,188000,2023,2024,19160811,21092299,1,0,1,0,162152791,391428631,229275840,2026,12292630,25.81,2025,16.65,40.02,28.12,48.69,46.83,48.9695246535664,2023,0.409139536462229,0.388530029533557,3.743217047,High (40-80%),3.5711316200832,2.951226705,"Medium - High (4 in 1,000 to 8 in 1,000)",2.3334373,Medium (0.4-0.6),4,1,750000000
BRA,Brazil,5.1,6.6,4.1,8.2,4,4.9,41.18,2021,7006805,2014,0,2014,,,,,745000,2023,2024,115157800,97570389,5,3,2,1,583712791.04,1722608631.13,1138895840.09,2026,5939376,13.8,2025,6.37,29.9,44.48,12.25,49.06,49.0973157823589,2023,0.368520164456009,0.350466480103187,1.037909741,Low - Medium (10-20%),1.2400665276919,1.624863181,"Low - Medium (2 in 1,000 to 4 in 1,000)",2.533453435,Medium (0.4-0.6),13,1,1710640000
KHM,Cambodia,5.1,5,4.5,5.4,4.9,5.5,0.97,2021,0,2021,0,2021,0.65,2019,88,2022,46000,2023,2024,36995132,39693730,7,2,5,1,506968986,1541578549,1034609563,2026,9194203,8.14,2025,2.47,26.81,29.87,13.97,46.19,40.5493575362487,2023,0.480602948477485,0.291590099202459,1.87051284,Low - Medium (10-20%),1.66190920915789,4.461401359,Extremely High (more than 1 in 100),3.62552531,Medium - High (0.6-0.8),5,1,310850000
RWA,Rwanda,5.1,4.7,2.8,6.2,5.7,4.9,0,2021,11978214,2016,0,2016,,,,,70000,2023,2024,96097870,81513866,4,2,2,1,356294442,956154432,599859990,2026,7180065,2.66,2025,0.16,44.18,33.19,46.56,55.82,43.2704065084245,2023,0.56727886777407,0.432686997942559,0,Low (<10%),0.534311341375451,4.114553101,Extremely High (more than 1 in 100),3.29587581,Medium - High (0.6-0.8),5,0,287500000
SLE,Sierra Leone,5.1,3.8,3.7,3.8,5.1,7,0,2021,11079018,2015,0,2015,,,,,800,2022,2024,543157,27329383,3,1,2,0,105094264,297964284,192870020,2026,2537077,4.96,2025,1.09,22.57,14.08,13.02,62.75,34.9621372377926,2023,0.597257262855005,0.296500007610857,0,Low (<10%),0,4.049457129,Extremely High (more than 1 in 100),1.69727449,Low - Medium (0.2-0.4),2,0,3090000
ZAF,South Africa,5.1,6.2,3.9,7.8,4.3,4.9,43.76,2021,171000000,2017,0,2017,0.47,2020,98.08,2020,20000,2023,2024,11477510,19972149,4,2,2,1,588876179.05,1535081050.1399999,946204871.0899999,2026,752532,9.5,2025,3.13,28.81,37.05,11.74,54.96,48.108901390221,2023,0.394647749939191,0.356825777743611,4.167753556,Extremely High (>80%),4.37943168809101,1.365721773,"Low - Medium (2 in 1,000 to 4 in 1,000)",2.7591365,Medium (0.4-0.6),,,
EGY,Egypt,5,7,6.2,7.7,4.4,4.1,3.17,2021,99450,2023,0,2023,0.82,2023,92.59,2023,8,2023,2024,2472723,4342962,4,3,1,0,579216800.09,1700445200.27,1121228400.1799998,2026,18877521,18.91,2025,10.74,33.3,15.8,45.76,51.05,46.9822891956235,2023,0.411320703435466,0.350966487347935,4.851625216,Extremely High (>80%),4.45859659576174,4.056823831,Extremely High (more than 1 in 100),,,1,0,250000000
DOM,Dominican Republic,4.9,5.7,6.8,4.4,4.8,4.2,1.96,2021,,,,,,,,,41000,2023,2024,6054505,8684250,2,1,1,1,192800000,296347042.72,103547042.72,2026,2187785,13.47,2025,7.05,25.72,27.65,12.73,48.35,46.4559595001091,2023,0.432859946020172,0.361979136022354,1.604479359,Low - Medium (10-20%),1.58140478223224,1.153499917,"Low - Medium (2 in 1,000 to 4 in 1,000)",3.308417515,Medium - High (0.6-0.8),3,1,421100000
NPL,Nepal,4.9,4.3,5.1,3.4,4.8,5.7,239.35,2021,62325088,2021,0,2021,0.08,2022,16.87,2019,110000,2023,2024,28791859,33591138,3,0,3,0,102862274,130000733,27138459,2026,3151578,2.6,2025,0.25,27.01,27.07,13.39,54.36,43.6031770748274,2023,0.490027728692084,0.362091270188631,3.18229337,High (40-80%),2.98408505658556,3.78238305,"High (8 in 1,000 to 1 in 100)",2.77358308,Medium (0.4-0.6),7,0,512500000
THA,Thailand,4.9,7.1,5.9,8,4.3,3.8,17.49,2021,,,,,0.8,2024,86.16,2024,2800,2023,2024,8832004,5701830,1,0,1,0,17533500,33911323,16377823,2026,2857894,20.03,2025,14.32,28.03,12.35,49.29,36.18,52.7003738303207,2023,0.434860553166205,0.488868029772619,3.623007642,High (40-80%),3.70687722295536,3.062734226,"High (8 in 1,000 to 1 in 100)",3.013592485,Medium - High (0.6-0.8),,,
AZE,Azerbaijan,4.8,5.2,4.1,6.2,4.6,4.7,0,2021,,,,,0,2017,,,1700,2023,2024,426239,5982875,2,0,2,0,274994797,3535092596.42,3260097799.42,2026,50751,2.4,2025,0.23,25.03,26.73,12.95,45.28,51.9736469145074,2023,0.404253804565205,0.443726742855352,2.468350889,Medium - High (20-40%),2.84915722923503,2.5472231,"Medium - High (4 in 1,000 to 8 in 1,000)",3.129058215,Medium - High (0.6-0.8),1,0,12920000
ERI,Eritrea,4.8,3.2,3.3,3,4.3,8.1,0,2021,,,,,,,,,100,2013,2024,441015,3527018,1,0,1,0,250000000,695000000,445000000,2026,4340759,6.03,2025,2.3,15.79,18.31,3.71,57.99,31.0939734975221,2023,0.591529924417422,0.213409394367865,3.942539986,High (40-80%),3.020137850725,3.892682147,"High (8 in 1,000 to 1 in 100)",2.320886595,Medium (0.4-0.6),,,
MEX,Mexico,4.8,7.9,6.5,8.9,4.2,3.4,70.51,2021,2679945472,2023,0,2023,0.6,2023,100,2023,196000,2023,2024,283894635,52236872,2,1,1,1,27500000,38000000,10500000,2026,8020945,38.96,2025,50.08,30.31,44.39,12.53,50.07,48.7384836133905,2023,0.386509692483505,0.361279364751315,3.995019932,High (40-80%),3.91546264960103,2.093034654,"Medium - High (4 in 1,000 to 8 in 1,000)",2.62931722,Medium (0.4-0.6),3,0,891300000
SEN,Senegal,4.7,4.2,4.5,3.8,4.8,5.3,0,2021,0,2015,0,2015,,,,,12000,2022,2024,10043557,20681691,9,3,6,1,903083408.17,2229327857.31,1326244449.1399999,2026,7144759,4.87,2025,1.05,22.62,17.45,12.28,54,40.8897643731681,2023,0.534856001387169,0.352651288850532,2.220100987,Medium - High (20-40%),3.35887993025674,3.931731688,"High (8 in 1,000 to 1 in 100)",0.759330915,Low (0.0-0.2),5,2,390200000
BOL,Bolivia,4.6,4.2,4.7,3.6,4.5,5.2,41.03,2021,17491896,2021,0,2021,0.3,2021,100,2021,3800,2023,2024,9294253,7593129,2,0,2,0,195452791,454728631,259275840,2026,901090,3.13,2025,0.35,27.91,27.83,13.62,57.35,41.6886972245285,2023,0.450779731061735,0.284553675552306,0.155531505,Low (<10%),0.465947965336449,2.716854893,"Medium - High (4 in 1,000 to 8 in 1,000)",1.8343923,Low - Medium (0.2-0.4),3,0,316000000
GHA,Ghana,4.6,4.6,3.3,5.7,4.3,5,8.63,2021,1272849,2024,0,2024,0.68,2022,100,2022,47000,2023,2024,15693910,11368980,3,2,1,0,123211141,258198822,134987681,2026,18027993,3.19,2025,0.34,29.84,39.03,11.48,59.32,44.9930826491296,2023,0.44767713779848,0.347538790781071,0.112402618,Low (<10%),1.05498677692294,3.270727742,"High (8 in 1,000 to 1 in 100)",3.045830385,Medium - High (0.6-0.8),3,0,84000000
GMB,Gambia,4.6,3,2.9,3.1,5.4,6.1,10.98,2021,129836792,2023,0.05,2023,0.05,2021,100,2020,5300,2023,2024,4992224,1505023,1,0,1,0,82849900,143326900,60477000,2026,1420459,4.43,2025,0.67,29.24,31.41,12.78,62.3,40.2681574508166,2023,0.523533496440462,0.328896645456793,0.024514391,Low (<10%),0.67000416843088,3.158545939,"High (8 in 1,000 to 1 in 100)",2.174840695,Medium (0.4-0.6),,,
IDN,Indonesia,4.6,7.6,7.4,7.7,3.3,4,507.64,2021,6859670528,2023,0.01,2023,0.98,2023,53.31,2023,238000,2023,2024,372250896,327652996,5,2,3,1,447471000,2341964900,1894493900,2026,12462812,39.8,2025,39.89,39.71,24.8,51.27,49.24,48.3823456887259,2023,0.43048235737393,0.398129271148448,2.669162882,Medium - High (20-40%),2.04488486808281,4.157848588,Extremely High (more than 1 in 100),3.638001465,Medium - High (0.6-0.8),13,2,1616740000
TJK,Tajikistan,4.6,5.3,4.8,5.7,3.9,4.7,23.06,2021,4935158,2020,0,2020,1,2020,100,2022,5100,2023,2024,1509060,25870665,6,0,6,0,493273586,4836652990,4343379404,2026,4862578,2.9,2025,0.23,36.56,22.01,45.42,48.89,48.7644779442997,2023,0.356071512505237,0.33136107139123,2.335048113,Medium - High (20-40%),2.69399787010147,4.212338709,Extremely High (more than 1 in 100),3.089387405,Medium - High (0.6-0.8),6,0,99970000
NIC,Nicaragua,4.5,4.7,5.8,3.3,3.1,6.4,0,2021,33079888,2013,0,2013,,,,,660,2023,2024,1992198,5111655,1,0,1,1,174300000,268347042.72,94047042.72,2026,475244,23.6,2025,18.71,29.76,35.86,14.07,52.26,41.6942889884693,2023,0.445563118016567,0.279448897785953,0.213853504,Low (<10%),0.441570466685861,2.995826159,"Medium - High (4 in 1,000 to 8 in 1,000)",3.082992555,Medium - High (0.6-0.8),6,0,162500000
VUT,Vanuatu,4.5,2.9,5.1,0,5.2,6,0,2021,0,2021,0,2021,0.6,2021,100,2021,69000,2023,2024,2177563,4735896,4,0,4,1,271739499,961272935,689533436,2026,172678,11.67,2025,5.8,23.5,19.02,12.73,53.62,40.4779095188887,2023,0.563053414056388,0.372611604434162,,,,,,,,4,2,86000000
JOR,Jordan,4.4,4.2,3.4,5,6.3,3.3,0,2021,14553952,2023,0,2023,0.9,2023,100,2023,340,2023,2024,17805433,25584633,3,2,1,0,338500000,6352250000,6013750000,2026,48087422,3.21,2025,0.57,18.12,14.34,9.48,43.76,52.3235477520054,2023,0.36633355765876,0.412804512698868,4.619580866,Extremely High (>80%),4.92105183053178,0.335119688,"Low (0 to 2 in 1,000)",,,,,
DZA,Algeria,4.3,5.7,3.4,7.3,3.4,4.2,12.99,2021,12850630,2023,0,2023,1,2023,100,2023,23000,2023,2024,3682329,4711641,,,,,,,,2026,11340304,9.25,2025,2.62,32.68,15.59,47.72,46.91,48.9155061749796,2023,0.367352335364758,0.345662458864351,3.873999102,High (40-80%),4.74271659617663,1.931800122,"Low - Medium (2 in 1,000 to 4 in 1,000)",,,2,0,171910000
GNB,Guinea Bissau,4.3,2.2,2.4,2,4.8,7.6,0,2021,11850,2018,0,2018,,,,,410,2019,2024,4136663.0000000005,4737251,3,1,2,1,234807800,1378955000,1144147200,2026,2053333,3.15,2025,0.67,14.84,13.98,3.67,63.75,33.1915507742989,2023,0.612813055195004,0.276644070680983,0.307489251,Low (<10%),0.678394622537596,4.044614204,Extremely High (more than 1 in 100),2.44416005,Medium (0.4-0.6),,,
NAM,Namibia,4.3,2.9,4.1,1.6,5.9,4.7,0,2021,522052,2023,0,2023,1,2022,57.89,2022,650,2023,2024,3964100,2885282,4,2,2,2,533132000.09000003,1483253400.27,950121400.18,2026,4151644,5.86,2025,1.32,26.05,30.78,10.15,56.57,46.2852442535929,2023,0.454056125631941,0.3797610107038,4.175797611,Extremely High (>80%),4.08860270057584,1.590315066,"Low - Medium (2 in 1,000 to 4 in 1,000)",1.517327185,Low - Medium (0.2-0.4),,,
SWZ,Eswatini,4.3,3.9,1.8,5.5,4.2,4.9,0,2021,110279384,2023,0.02,2023,0.9,2023,23.29,2023,360,2022,2024,1158619,735183,1,0,1,0,250000000,695000000,445000000,2026,466666,1.76,2025,0.14,22.23,17.59,11.16,55.93,42.9219750911959,2023,0.447638388874438,0.306077890698356,0.313848799,Low (<10%),0.909016866927446,2.009500327,"Medium - High (4 in 1,000 to 8 in 1,000)",2.43322481,Medium (0.4-0.6),,,
LKA,Sri Lanka,4.2,3.7,3.9,3.5,4,5,34.08,2021,115408128,2020,0,2020,0.93,2020,9.38,2022,17000,2023,2024,15554150,28294051,3,0,3,0,234859000,980899000,746040000,2026,18980986,4.87,2025,1.6,14.83,18.75,12.37,14.07,45.4788298241834,2023,0.474665403651957,0.384242000135626,2.361447216,Medium - High (20-40%),2.22203445838576,4.019451628,Extremely High (more than 1 in 100),3.07940578,Medium - High (0.6-0.8),7,1,684330000
LSO,Lesotho,4.2,2.2,2,2.3,5.5,6.2,0,2021,170491888,2021,0.07,2021,,,,,730,2021,2024,714804,2745092,2,1,1,0,315000000,945000000,630000000,2026,2532465,1.41,2025,0.07,28.31,30.48,11.78,63.21,41.5196792456659,2023,0.472066039744258,0.302459624657576,2.94993564,Medium - High (20-40%),3.63282971041011,1.391868787,"Low - Medium (2 in 1,000 to 4 in 1,000)",2.8474366,Medium (0.4-0.6),,,
SLB,Solomon Islands,4.2,3.2,5.3,0.4,4,5.9,0,2021,3129407,2022,0,2022,0.17,2022,0,2021,640,2023,2024,5191270,9443422,2,0,2,0,132414830,188665482,56250652,2026,309174,15.04,2025,9.62,23.5,18.28,12.72,55.83,38.4917008530975,2023,0.629252695947271,0.39908671300922,,,,,,,,3,1,58300000
SLV,El Salvador,4.2,4.6,5.6,3.4,4.5,3.6,4.51,2021,7898445,2023,0,2023,1,2023,,,5300,2023,2024,3780153,1472950,4,1,3,1,385649612,1303874780.72,918225168.72,2026,29342122,14.41,2025,7.3,28.43,45.69,11.73,42.88,46.3016149411131,2023,0.425438252888859,0.351470551711121,1.947996154,Low - Medium (10-20%),2.75064888613794,2.499945388,"Medium - High (4 in 1,000 to 8 in 1,000)",2.892252325,Medium (0.4-0.6),3,0,257600000
MAR,Morocco,4.1,5.1,4.3,5.8,3.3,4,23.22,2021,609124096,2023,0,2023,0.77,2023,,,146000,2023,2024,108240202,115333384,4,3,1,0,356128000.05,1011326200.15,655198200.1,2026,3874539,10.55,2025,7.63,14.59,21.14,12.65,11.61,53.1212226891785,2023,0.368260848468096,0.430685302251667,3.988406127,High (40-80%),4.21853121484035,3.587518571,"High (8 in 1,000 to 1 in 100)",3.665854775,Medium - High (0.6-0.8),3,1,575000000
PAN,Panama,4,3.4,5.2,1.1,3.4,5.6,0.98,2021,16390379,2023,0,2023,0.05,2023,,,26,2023,2024,1740425,2715687,3,1,2,1,349800000,1176187042.72,826387042.72,2026,1495690,18.25,2025,15.89,20.95,19.49,11.06,42.63,48.688522072953,2023,0.406459590998431,0.380230032457491,0.745018749,Low (<10%),1.20676020157471,3.008486197,"High (8 in 1,000 to 1 in 100)",2.131049075,Medium (0.4-0.6),5,3,966000000
RUS,Russian Fed.,4,8.5,5.1,10,2.5,3.1,14.09,2021,714886016,2023,0,2023,0.95,2023,100,2023,15000,2023,,,,,,,,,,,2026,58111,31.22,2025,28.35,34.38,26.49,39.99,38.36,58.384897958142,2023,0.32374114097316,0.491439100136,1.167592537,Low - Medium (10-20%),1.3504065316855,1.094355737,"Low - Medium (2 in 1,000 to 4 in 1,000)",2.338164235,Medium (0.4-0.6),3,0,140000000
VNM,Vietnam,4,5.2,7.3,1.8,2.8,4.3,35.51,2021,2269500,2019,0,2019,,,,,68000,2023,2024,59766734,65872681,3,1,2,1,164199367,418037367,253838000,2026,3028917,25.92,2025,26.73,25.14,24.42,13,50.05,48.0753386042774,2023,0.467810375980305,0.429317148065854,2.112769594,Medium - High (20-40%),2.23601016334369,4.185490564,Extremely High (more than 1 in 100),3.326772565,Medium - High (0.6-0.8),17,2,3116950000
GUY,Guyana,3.9,3.3,4.5,1.8,3.8,4.8,0,2021,890531392,2013,0.21,2013,0.6,2019,,,40,2023,2024,5855397,2882652,,,,,,,,2026,150110,6.4,2025,2.63,15.57,17.63,11.89,17.99,45.3356633556796,2023,0.429963119228701,0.336676386342293,2.695733857,Medium - High (20-40%),2.540656166395,4.1271536,Extremely High (more than 1 in 100),2.31360249,Medium (0.4-0.6),6,2,61190000
KGZ,Kyrgyzstan,3.9,4.3,3.9,4.6,3.3,4.3,14.05,2021,966333,2023,0,2023,0.9,2019,10.12,2019,39,2023,2024,2623721,1461511,3,0,3,0,418576108,4628638225,4210062117,2026,705987,2.72,2025,0.22,33.68,15.53,47.73,51.55,54.1552434821698,2023,0.31058858905899,0.393693458702386,3.276846479,High (40-80%),3.41730291918495,4.309121318,Extremely High (more than 1 in 100),2.826939875,Medium (0.4-0.6),4,1,116900000
TLS,East Timor,3.9,2.4,3.3,1.3,4.4,5.5,38.27,2021,0,2017,0,2017,,,,,16000,2021,2024,1176755,10242487,4,0,4,0,173313749.32999998,846571158.33,673257409,,,7.25,2025,2.93,17.94,8.33,12.63,54.9,42.3103688053554,2023,0.538067793664859,0.384275169771968,1.772192187,Low - Medium (10-20%),1.8670288329606,3.190165089,"High (8 in 1,000 to 1 in 100)",2.40009749,Medium (0.4-0.6),,,
BLZ,Belize,3.8,3.3,3.7,2.8,3.4,4.8,0,2021,65,2011,0,2011,,,,,5100,2022,2024,755743,2131773,2,0,2,1,32117448,47115450,14998002,2026,931607,7.31,2025,2.5,21.4,15.91,12.71,48.45,43.6341558659194,2023,0.467284269569326,0.339967386887715,0.068201146,Low (<10%),0.0485226494087438,3.141656543,"High (8 in 1,000 to 1 in 100)",,,1,0,30000000
JAM,Jamaica,3.8,4.1,5,3.1,3.7,3.5,0,2021,2123535,2023,0,2023,0.05,2023,100,2023,16,2021,2024,877042,1903948,1,1,0,0,18500000,28000000,9500000,2026,1984529,3.97,2025,1.1,14.35,11.05,5.98,44.71,49.2431798635609,2023,0.421939152214872,0.40680274948609,0,Low (<10%),0.0056713420652632,0.861368175,"Low (0 to 2 in 1,000)",2.93349781,Medium (0.4-0.6),4,0,66250000
LAO,Laos,3.8,2.7,3.6,1.8,3.6,5.6,0,2021,10539599,2012,0,2012,0.03,2021,0,2021,1100,2023,2024,5684217,1251709,4,1,3,1,287780301.90999997,1085897972.5,798117670.59,2026,317220,3,2025,0.38,23.63,16.1,13.57,60.42,42.4996424860974,2023,0.485779677784065,0.335772527506012,0.741620199,Low (<10%),0.913845878427001,4.184712692,Extremely High (more than 1 in 100),1.893682,Low - Medium (0.2-0.4),9,2,202300000
MDA,Moldova,3.8,3.5,3.4,3.6,4.2,3.8,0,2021,270843,2022,0,2022,,,,,200,2008,2024,9444869,3312522,,,,,,,,2026,24637480,1.28,2025,0.1,16.37,9.99,9.33,47.08,52.3078506614329,2023,0.393818145977452,0.43997515920611,1.262222811,Low - Medium (10-20%),1.27397888091496,2.850760193,"Medium - High (4 in 1,000 to 8 in 1,000)",4.08090716,High (0.8-1.0),6,1,122200000
ARG,Argentina,3.7,4.6,4.4,4.7,2.7,4,0,2021,14052412416,2022,0.02,2022,0.75,2018,,,9800,2023,2024,3174130,5515823,1,0,1,0,82000000,82000000,0,2026,753780,15.72,2025,11.54,21.42,18.7,10.76,48.81,49.5860129429258,2023,0.383358084544623,0.375078343403138,1.834917254,Low - Medium (10-20%),2.24978068437355,1.628398117,"Low - Medium (2 in 1,000 to 4 in 1,000)",2.528911905,Medium (0.4-0.6),7,2,1980000000
CRI,Costa Rica,3.7,4.7,5.4,3.9,5,2.2,3.17,2021,0,2023,0,2023,1,2023,100,2023,290,2023,2024,8384903,2230287,2,1,1,1,192800000,296347042.72,103547042.72,2026,302171,11.32,2025,9.89,12.95,16.1,11.22,12.02,53.9191894976903,2023,0.376483069017729,0.454866858971535,0.648226696,Low (<10%),0.927406527905121,1.348706416,"Low - Medium (2 in 1,000 to 4 in 1,000)",1.986112915,Low - Medium (0.2-0.4),3,2,575000000
GAB,Gabon,3.7,2.8,3.2,2.3,3.1,6,0,2021,,,,,,,,,900,2023,2024,1160786,355511,1,1,0,0,18500000,28000000,9500000,2026,1366666,6.18,2025,1.5,25.43,27.59,11.86,50.28,42.6301851335201,2023,0.436301650721289,0.28890535339169,0,Low (<10%),0,3.037979308,"High (8 in 1,000 to 1 in 100)",1.470653455,Low - Medium (0.2-0.4),,,
PRK,Korea Dem.People's Rep.,3.7,4.4,4.6,4.1,1.7,6.6,0,2021,,,,,,,,,200,2022,2024,3822,0,,,,,,,,2026,2141464,11.7,2025,7.22,18.97,8.17,12.74,65.56,43.9605276828717,2023,0.460326605101431,0.339537158758866,2.322401108,Medium - High (20-40%),2.39988777038089,4.050354699,Extremely High (more than 1 in 100),3.168870555,Medium - High (0.6-0.8),,,
BIH,Bosnia and Herzegovina,3.6,2.5,2.9,2.1,3.8,4.8,0,2021,,,,,,,0,2018,120,2023,2024,2440353,5191135,1,0,1,0,14400000,72688889,58288889,2026,1923548,2.49,2025,0.34,18.17,11.02,11.58,46.98,51.1960284880304,2023,0.346513954253632,0.370434524014239,0.395887518,Low (<10%),0.678329239743133,2.075005444,"Medium - High (4 in 1,000 to 8 in 1,000)",3.174095535,Medium - High (0.6-0.8),2,0,7500000
GEO,Georgia,3.6,4.1,4.6,3.5,4.8,2.3,0,2021,233828,2023,0,2023,0.98,2023,8.82,2023,850,2023,2024,7474522,6823029,2,0,2,0,277053598,3570294598,3293241000,2026,722350,3.8,2025,0.73,19.82,19.92,10.32,37.9,58.8032588150903,2023,0.394291545473852,0.570356721775658,0.928146972,Low (<10%),1.20336209952664,4.003884947,Extremely High (more than 1 in 100),2.365794105,Medium (0.4-0.6),2,0,18000000
KIR,Kiribati,3.6,2.5,4.5,0,4.2,4.4,0,2021,22535646,2021,0.08,2021,0.93,2021,26.09,2021,2500,2015,2024,1220539,1231765,1,0,1,0,107449716,156833590,49383874,,,2.8,2025,0.69,11.4,9.75,2.86,53.1,44.5256740585083,2023,0.556980290083949,0.447493771254115,,,,,,,,4,1,10000000
MYS,Malaysia,3.6,3.5,4.6,2.1,3.4,3.8,53.04,2021,26016644,2022,0,2022,0.7,2021,100,2021,206000,2023,2024,1679445,4330522,,,,,,,,2026,330277,14.28,2025,8.64,23.61,16.46,20.53,38.95,56.9345275458025,2023,0.366926701483168,0.505617252399218,1.032631026,Low - Medium (10-20%),1.17784589093741,2.404943427,"Medium - High (4 in 1,000 to 8 in 1,000)",2.484837365,Medium (0.4-0.6),1,0,55000000
UZB,Uzbekistan,3.6,4.9,4.8,4.9,2.9,3.4,7.96,2021,330184,2021,0,2021,1,2021,100,2021,170,2022,2024,69118596,68692414,3,0,3,0,278999455,3609419335,3330419880,2026,53971,1.42,2025,0.18,11.19,10.02,10.82,12.92,53.453047141133,2023,0.358858275756943,0.427919218579603,3.628291849,High (40-80%),3.75264416010894,2.666444479,"Medium - High (4 in 1,000 to 8 in 1,000)",3.496206055,Medium - High (0.6-0.8),1,0,5000000
CUB,Cuba,3.5,3.7,4.8,2.3,2.9,4.1,0,2021,16170618,2021,0,2021,,,,,42000,2023,2024,976939,972173,2,0,2,0,62134085,164213413,102079328,2026,22408849,6.92,2025,4.57,10.47,13.06,7.49,11.74,44.8588795325829,2023,0.440582257844168,0.337759848495826,1.650924902,Low - Medium (10-20%),2.00174334908705,3.009946447,"High (8 in 1,000 to 1 in 100)",3.318887255,Medium - High (0.6-0.8),,,
GNQ,Equatorial Guinea,3.5,2,2.3,1.6,3,7.3,0,2021,8161302,2021,0,2021,,,,,,,2024,261173,635088,,,,,,,,2026,54016,3.36,2025,0.86,13.15,10.86,3.6,58.12,42.3534826793701,2023,0.410022341424303,0.257091995011705,0,Low (<10%),0,2.005878594,"Medium - High (4 in 1,000 to 8 in 1,000)",1.26204411,Low - Medium (0.2-0.4),,,
MHL,Marshall Islands,3.5,2.6,4.6,0,4.2,3.8,0,2021,7583100,2022,0.03,2022,0,2020,75,2022,28,2022,2024,4638893,1737482,5,0,5,1,207380381,301344831.77,93964450.77000001,,,2.52,2025,0.5,12.75,8.28,5.27,47.5,41.6739701785404,2023,0.58989667559945,0.423376079170258,,,,,,,,2,1,21130000
SRB,Serbia,3.5,2.8,3.3,2.3,3.5,4.3,0,2021,987336,2024,0,2024,0.32,2022,75.86,2023,400,2023,2024,34534450,17081589,,,,,,,,2026,138863,1.75,2025,0.17,18.09,14.55,9.89,41.16,51.3693505765074,2023,0.421516261713672,0.44890327324382,1.235523742,Low - Medium (10-20%),1.28849547727451,2.341911352,"Medium - High (4 in 1,000 to 8 in 1,000)",3.7623111,Medium - High (0.6-0.8),,,
TUN,Tunisia,3.5,4,4.4,3.5,2.4,4.5,2.99,2021,98713200,2018,0,2018,,,,,2600,2023,2024,6054139,1435595,2,1,1,0,178500000,1147000000,968500000,2026,9036434,7.67,2025,2.88,20.45,17.68,11.18,43.28,52.4365326205932,2023,0.379160533010825,0.427891185422689,4.280358914,Extremely High (>80%),4.92620803402215,2.817825386,"Medium - High (4 in 1,000 to 8 in 1,000)",3.35145636,Medium - High (0.6-0.8),,,
ARM,Armenia,3.4,3.8,3.7,3.9,3.9,2.6,0,2021,2174014,2023,0,2023,1,2023,64.79,2023,,,2024,5706262,330544,4,0,4,2,278993832,3538704713,3259710881,2026,253466,1.91,2025,0.23,15.85,9.21,42.5,10.18,57.1754268097306,2023,0.357311529443697,0.500820065638309,2.9915904,Medium - High (20-40%),3.39775344073208,2.141103651,"Medium - High (4 in 1,000 to 8 in 1,000)",2.243007875,Medium (0.4-0.6),3,0,61350000
PRY,Paraguay,3.4,2.7,2.6,2.7,2.9,4.9,9.38,2021,5201295,2023,0,2023,0.6,2018,,,16000,2023,2024,2188180,6774978,1,1,0,0,50000000,630000000,580000000,,,1.88,2025,0.14,25.18,25.86,12.06,51.17,49.4282815951706,2023,0.372450628094713,0.361016259998125,0.000343884,Low (<10%),0.00141095641731978,1.322072281,"Low - Medium (2 in 1,000 to 4 in 1,000)",2.87331713,Medium (0.4-0.6),,,
BWA,Botswana,3.3,1.5,2.2,0.7,4.5,5.1,0,2021,202364,2018,0,2018,0.05,2022,42.42,2022,99,2023,2024,2453040,532053,1,0,1,0,250000000,695000000,445000000,2026,133333,1.25,2025,0.09,17.43,20.34,5.4,48.24,49.909767974129,2023,0.432397932350151,0.430593291832732,4.664307436,Extremely High (>80%),4.4113059262306,0.851381699,"Low (0 to 2 in 1,000)",2.217199745,Medium (0.4-0.6),,,
CHL,Chile,3.3,3.8,5.5,1.7,3.9,2.4,0,2021,2285019648,2023,0.01,2023,1,2023,63.48,2023,44000,2023,,,,1,1,0,0,18500000,28000000,9500000,2026,181687,14.27,2025,12.86,15.84,10.43,9.74,39.12,59.9328626512199,2023,0.332236492332546,0.530893745356944,4.471868674,Extremely High (>80%),4.55344241435574,1.040572805,"Low - Medium (2 in 1,000 to 4 in 1,000)",2.02350777,Medium (0.4-0.6),,,
COM,Comoros,3.3,1.1,1.9,0.2,4.5,7,0,2021,1464915,2024,0,2024,0,2020,100,2017,19000,2019,2024,4739168,4554899,3,0,3,0,344687794,827137580,482449786,2026,55178,2.69,2025,0.33,21.91,12.6,14.13,59.08,37.3938538074981,2023,0.541041421544341,0.288918497694303,,,,,,,,2,0,11000000
FSM,Micronesia,3.3,1.7,3.2,0,4.7,4.7,0,2021,32695,2021,0,2021,0.43,2021,11.67,2021,5,2023,2024,886561,648085,5,0,5,4,159414206,214674918,55260712,,,4.17,2025,1.12,15.54,12.93,5.73,50.68,37.293342416924,2023,0.62118925547334,0.36705610381182,,,,,,,,,,
TTO,Trinidad and Tobago,3.3,3.5,3.9,3.1,3.1,3.4,0,2021,82877,2020,0,2020,0.75,2020,100,2020,40,2022,,,,1,0,1,1,24117448,27112552,2995104,2026,129677,3.03,2025,0.49,18.74,14.77,11.3,39.42,48.3561532326569,2023,0.371248722441038,0.338371787094176,,,,,,,,,,
ISR,Israel,3.2,7.2,3.6,9.1,2.5,1.9,0,2021,,,,,,,,,42,2023,,,,,,,,,,,,,3.69,2025,0.88,15.48,11.92,9.57,32.52,61.7243465627677,2023,0.289365900016888,0.523852831272241,4.941652066,Extremely High (>80%),4.97194896477933,0.090269752,"Low (0 to 2 in 1,000)",,,,,
SUR,Suriname,3.2,2.1,3.4,0.6,3.1,5.1,0,2021,,,,,,,,,1500,2022,2024,1993624,1586529,1,0,1,0,162152791,391428631,229275840,,,6.21,2025,1.78,21.7,15.8,11.58,55.86,46.4406499226126,2023,0.403676138662994,0.332489137115247,1.667553064,Low - Medium (10-20%),1.66061204717976,4.016527426,Extremely High (more than 1 in 100),1.26156873,Low - Medium (0.2-0.4),,,
USA,United States of America,3.2,5.1,7,2.4,3.3,2,563.35,2021,63290896384,2021,0,2021,0.8,2021,100,2021,202000,2023,,,,,,,,,,,2026,1476806,23.09,2025,39.59,13.47,9.89,7.57,32.64,66.7646656881949,2023,0.312019243435194,0.647312557199093,2.604411175,Medium - High (20-40%),2.78067067628067,0.833962534,"Low (0 to 2 in 1,000)",1.974499975,Low - Medium (0.2-0.4),,,
ALB,Albania,3.1,3.7,5.5,1.3,2.4,3.3,0,2021,,,,,,,,,13,2023,2024,1144935,1569735,2,1,1,0,45441146.010000005,68667467.21000001,23226321.2,2026,3718891,5.91,2025,2.29,15.25,9.06,10.16,38.54,52.1256791107681,2023,0.380184451027829,0.42269803324319,3.473828698,High (40-80%),3.73774408431509,2.343377038,"Medium - High (4 in 1,000 to 8 in 1,000)",2.3647478,Medium (0.4-0.6),5,1,164460000
FJI,Fiji,3.1,3,4.9,0.4,3.1,3.3,5.95,2021,7110262,2022,0,2022,0.98,2022,0,2022,6700,2023,2024,5076494,5401438,3,1,2,0,229196438,299419899,70223461,2026,446982,6.87,2025,2.79,16.94,20.98,11.72,19.76,51.1967810419109,2023,0.453172352239003,0.477107973077222,,,,,,,,2,1,195000000
GRC,Greece,3,3.1,4.8,0.9,2.7,3.1,1,2021,,,,,,,,,91000,2023,,,,,,,,,,,2026,44598,9.02,2025,8.25,9.87,11.37,8.55,9.88,59.8761782543809,2023,0.336942727170887,0.534466292258504,4.338904439,Extremely High (>80%),4.56926228637816,1.711805576,"Low - Medium (2 in 1,000 to 4 in 1,000)",2.64052222,Medium (0.4-0.6),,,
ITA,Italy,3,2.9,5,0.2,2.8,3.4,1,2021,,,,,0.57,2022,88.47,2022,42000,2023,,,,,,,,,,,,,11.34,2025,8.69,14.8,11.96,8.33,32.52,59.7736980909756,2023,0.341886849901753,0.537360811721265,3.344018796,High (40-80%),3.48688212385255,1.104594595,"Low - Medium (2 in 1,000 to 4 in 1,000)",3.09258794,Medium - High (0.6-0.8),,,
ROU,Romania,3,2.5,3.5,1.3,2.9,3.6,0.99,2021,173,2024,0,2024,0,2019,0,2021,51,2023,,,,,,,,,,,2026,546666,3.36,2025,0.71,15.88,9.47,8.59,49.27,51.4451157086373,2023,0.411779483689989,0.440681797862735,1.188014819,Low - Medium (10-20%),1.23371482212041,2.052807941,"Medium - High (4 in 1,000 to 8 in 1,000)",3.64040597,Medium - High (0.6-0.8),5,2,841140000
TON,Tonga,3,2.2,3.9,0,2.7,4.4,0,2021,586694,2020,0,2020,0.5,2022,33.54,2022,2400,2022,2024,132639,13885836,3,0,3,0,170857389,227490339,56632950,,,3.67,2025,1.33,10.1,7.55,11.57,11.81,42.3478084752413,2023,0.606592737452327,0.453548906957153,,,,,,,,9,5,166870000
BTN,Bhutan,2.9,2.1,2.8,1.4,2.6,4.3,9.6,2021,243037488,2018,0.09,2018,0.5,2018,51.28,2018,120,2020,2024,870012,1467802,2,0,2,0,51904548,176272548,124368000,,,1.11,2025,0.1,12.4,8.18,8.86,26.28,48.1793317991413,2023,0.515028632946176,0.478615268929001,0.367776177,Low (<10%),0.824793290736386,3.09987495,"High (8 in 1,000 to 1 in 100)",1.85837139,Low - Medium (0.2-0.4),5,2,41010000
CHN,China,2.9,6.1,7.8,3.6,1.3,3.1,450.31,2021,13691610112,2022,0,2022,1,2020,,,4702000,2023,2024,17535483,16757449.000000002,1,0,1,0,100000000,1420365000.04,1320365000.04,2026,13911,30.62,2025,64.59,14.52,8.96,11.44,29.85,58.7069609482147,2023,0.381528008944177,0.555667227908471,2.800257843,Medium - High (20-40%),2.76448550930835,1.987883277,"Low - Medium (2 in 1,000 to 4 in 1,000)",3.03684769,Medium - High (0.6-0.8),14,0,1710000000
CYP,Cyprus,2.9,2.2,3.1,1.3,4.4,2.5,0,2021,4191750,2018,0,2018,,,,,57,2023,,,,,,,,,,,,,3.36,2025,1.02,11.09,8.93,4.56,33.45,57.7335532550152,2023,0.358536409234039,0.513207474334342,5,Extremely High (>80%),5,0.89935695,"Low (0 to 2 in 1,000)",2.49572287,Medium (0.4-0.6),1,0,30000000
SVK,Slovakia,2.9,1.9,2.4,1.3,3,4.1,1.01,2021,,,,,0.38,2017,,,86,2023,,,,,,,,,,,,,1.11,2025,0.1,12.41,11.61,4.37,37.66,57.0135384196135,2023,0.360217081616822,0.500487850009093,1.615225882,Low - Medium (10-20%),1.64135144560702,1.448087198,"Low - Medium (2 in 1,000 to 4 in 1,000)",3.20454985,Medium - High (0.6-0.8),,,
TKM,Turkmenistan,2.9,3.1,4.3,1.8,1.5,5,0,2021,0,2019,0,2019,0.75,2019,100,2019,,,2024,737215,1096085,1,0,1,0,250000000,3500000000,3250000000,2026,49371,1.27,2025,0.17,9.43,9.31,3.14,28.73,43.391087085209,2023,0.371852432946571,0.23967417465075,3.73812683,High (40-80%),3.75452578364683,1.997996195,"Low - Medium (2 in 1,000 to 4 in 1,000)",2.84021306,Medium (0.4-0.6),,,
VCT,Saint Vincent and the Grenadines,2.9,1.8,3.3,0,3.5,4,0,2021,19731864,2014,0.03,2014,0.52,2019,,,150,2023,2024,1187822,7699816,,,,,,,,2026,263915,2.72,2025,0.43,17.25,19.65,9.9,26.4,53.623026585639,2023,0.431453491155348,0.503914022868128,,,,,,,,2,0,25000000
CAN,Canada,2.8,2.8,4.6,0.6,3.2,2.4,5.06,2021,,,,,1,2023,100,2023,192000,2023,,,,,,,,,,,,,19.88,2025,25.89,15.26,12.66,8.03,34.97,68.1819038515583,2023,0.281583885412555,0.64522196244372,1.233315456,Low - Medium (10-20%),1.35937611750469,2.245164121,"Medium - High (4 in 1,000 to 8 in 1,000)",,,,,
GRD,Grenada,2.8,1.7,3.2,0,3.7,3.4,0,2021,0,2014,0,2014,0.93,2019,,,26,2019,2024,727560,13570640,2,0,2,1,61211772.95,71683573.66,10471800.71,2026,148928,2.02,2025,0.31,13.15,11.55,4.94,39.82,57.1265959454479,2023,0.382845559266962,0.52537747817592,,,,,,,,3,1,38870000
KAZ,Kazakhstan,2.8,3,3.9,1.9,2.2,3.2,0,2021,4272335,2022,0,2022,0.77,2021,100,2021,1700,2023,2024,3446567,4374722,1,0,1,0,250000000,3500000000,3250000000,2026,1851573,1.73,2025,0.25,11.99,14.64,10.24,11.49,59.5741253231968,2023,0.315840401791174,0.507322908255109,2.511560337,Medium - High (20-40%),2.97938643269306,1.600860534,"Low - Medium (2 in 1,000 to 4 in 1,000)",2.49794773,Medium (0.4-0.6),2,0,15000000
KWT,Kuwait,2.8,2,2.7,1.3,2.8,4,0,2021,0,2020,0,2020,0.5,2017,100,2017,14,2022,,,,,,,,,,,,,2.42,2025,1.05,5.56,4.53,2.55,14.9,55.4030070099247,2023,0.361609584872794,0.469669725071288,5,Extremely High (>80%),4.26220174091717,2.278464124,"Medium - High (4 in 1,000 to 8 in 1,000)",,,,,
MNG,Mongolia,2.8,2.2,3.3,1,2.6,3.7,12.04,2021,52190984,2023,0,2023,1,2021,100,2021,3900,2023,2024,2865454,3255360,3,0,3,0,358101276,1933301276,1575200000,2026,558034,1.96,2025,0.21,18.35,12.69,11.29,43.16,54.8485794048496,2023,0.365310365874975,0.462281953971968,3.128436223,High (40-80%),3.71616844050374,3.662612856,"High (8 in 1,000 to 1 in 100)",2.11578932,Medium (0.4-0.6),4,0,18310000
MKD,North Macedonia,2.7,2,2.9,0.9,2.5,4,0,2021,,,,,,,,,80,2021,2024,1834666,4271580,2,1,1,0,175500000,907840000,732340000,,,1.01,2025,0.1,10.12,8.48,2.58,47.42,55.0971927374185,2023,0.372276057783572,0.474219912531942,3.009558697,High (40-80%),3.48287750945628,2.04890484,"Medium - High (4 in 1,000 to 8 in 1,000)",3.2907369,Medium - High (0.6-0.8),,,
SAU,Saudi Arabia,2.7,4.5,3.5,5.4,1.9,2.4,0,2021,0,2018,0,2018,0.05,2021,100,2020,610,2020,,,,,,,,,,,,,9.67,2025,5.25,17.81,9.35,19.06,31.71,58.2281367154928,2023,0.408246794806483,0.572809529116339,4.980808426,Extremely High (>80%),4.89126763134751,0.941247328,"Low (0 to 2 in 1,000)",,,,,
WSM,Samoa,2.7,1.7,3.1,0,3.1,3.7,0,2021,2242647,2023,0,2023,0.47,2023,3.31,2023,14,2023,2024,2323912,2130402,2,0,2,0,165167464,222551338,57383874,,,3.1,2025,0.81,11.88,12.97,2.55,50.7,45.8671719222988,2023,0.513291206755282,0.430634645201257,,,,,,,,11,2,131720000
BEL,Belgium,2.6,2,3.5,0.2,2.7,3.3,43.09,2021,0,2023,0,2023,0.47,2023,92.08,2023,100,2023,,,,,,,,,,,,,5.8,2025,1.84,18.27,7.43,28.12,29.21,62.5989415153557,2023,0.334702001024289,0.586680831331403,4.410841962,Extremely High (>80%),4.46614019322556,0.983081376,"Low (0 to 2 in 1,000)",2.52708756,Medium (0.4-0.6),,,
BGR,Bulgaria,2.6,2,3.3,0.5,3,2.9,0,2021,56261332,2023,0,2023,0.68,2023,55.09,2023,250,2023,,,,,,,,,,,2026,45576,2.23,2025,0.3,16.59,12.18,9.04,41.47,55.5012320521842,2023,0.354212115609604,0.464236756653287,1.45732336,Low - Medium (10-20%),1.57808764641091,0.818662671,"Low (0 to 2 in 1,000)",3.155709875,Medium - High (0.6-0.8),1,0,16000000
BLR,Belarus,2.6,2.6,1.9,3.3,2.2,3.1,0,2021,0,2023,0,2023,0.93,2023,100,2023,48,2023,2024,150953,13250,,,,,,,,,,0.72,2025,0.05,10.44,10.14,2.95,38.02,56.8178598177838,2023,0.323182586394448,0.459539782750123,1.180970816,Low - Medium (10-20%),1.24557600173912,1.121915206,"Low - Medium (2 in 1,000 to 4 in 1,000)",3.323381645,Medium - High (0.6-0.8),1,0,50000000
CPV,Cabo Verde,2.6,1,1.6,0.3,4.2,4,0,2021,25950,2017,0,2017,0.7,2021,0,2021,750,2020,2024,1595535,1205917,,,,,,,,,,1.16,2025,0.07,19.29,15.08,10.54,45.19,51.4953266427675,2023,0.420444996081811,0.450351528937161,,,,,,,,1,0,10000000
DEU,Germany,2.6,2.4,4.1,0.3,3.9,1.9,197.11,2021,,,,,1,2023,100,2015,3300,2023,,,,,,,,,,,,,4.28,2025,1.99,9.19,6.38,3.55,34.22,69.0061203618549,2023,0.301488835582132,0.68161124281923,2.041904513,Medium - High (20-40%),2.06556954787778,0.520744196,"Low (0 to 2 in 1,000)",2.768956395,Medium (0.4-0.6),,,
DMA,Dominica,2.6,2.2,3.9,0,2.2,3.5,0,2021,20109900,2014,0.04,2014,,,,,350,2018,2024,232394,2849704,3,1,2,2,63026669,76599199.43,13572530.43,,,2.73,2025,0.79,9.42,7.56,2.46,44.89,53.8365702883702,2023,0.439077888052177,0.51580929381958,,,,,,,,7,6,134730000
ESP,Spain,2.6,2.3,3.9,0.4,3.2,2.4,9.28,2021,,,,,,,,,24000,2023,,,,,,,,,,,,,10.17,2025,7.77,13.32,8.48,8.12,34.3,61.0117091832812,2023,0.304735938404402,0.524970122070025,3.940242667,High (40-80%),4.49078148086206,0.816565704,"Low (0 to 2 in 1,000)",2.97357657,Medium (0.4-0.6),,,
FRA,France,2.6,2.8,4,1.4,3.1,2.1,1.98,2021,7251846144,2023,0,2023,0.65,2023,100,2023,7900,2023,,,,,,,,,,,2026,460335,7.75,2025,2.7,22.27,9.97,33.29,33.29,67.2432556076688,2023,0.304166282673451,0.649031394826828,1.916452159,Low - Medium (10-20%),2.26821282854705,0.828877528,"Low (0 to 2 in 1,000)",3.013633885,Medium - High (0.6-0.8),,,
LVA,Lativa,2.6,1.7,2.4,1,4.1,2.5,0,2021,,,,,,,,,27,2022,,,,,,,,,,,,,3.18,2025,0.79,12.84,9.06,7.63,30.62,60.9996635809667,2023,0.359746053956523,0.579739325575857,0.571722006,Low (<10%),0.517431598273016,1.20496139,"Low - Medium (2 in 1,000 to 4 in 1,000)",2.977109295,Medium (0.4-0.6),,,
MNE,Montenegro,2.6,2.2,3.2,1.1,3.1,2.7,0,2021,422080,2021,0,2021,0.77,2023,12.5,2023,1,2023,2024,59096812,62457846,1,1,0,0,18500000,28000000,9500000,2026,1307536,2.86,2025,0.83,9.87,9.17,2.45,42.81,55.1439629361699,2023,0.363229797256813,0.466109055980211,0.715174797,Low (<10%),0.944120700393962,2.292466342,"Medium - High (4 in 1,000 to 8 in 1,000)",2.32534893,Medium (0.4-0.6),1,0,2500000
BHS,Bahamas,2.5,2.2,3.5,0.6,2.1,3.2,0,2021,,,,,,,,,18000,2019,,,,2,1,1,1,68551432,93198548,24647116,,,4.44,2025,1.51,13.07,11.37,5.04,38.97,48.7086280712163,2023,0.458425830822161,0.432598392246487,,,,,,,,,,
HRV,Croatia,2.5,2.7,4.5,0.5,2.1,2.8,0,2021,5151,2022,0,2022,,,0,2017,86,2023,,,,,,,,,,,,,4.89,2025,1.57,15.25,10.69,9.48,34.97,55.648897350468,2023,0.379827797909711,0.492805744919071,0.167654501,Low (<10%),0.255851498313766,1.175193609,"Low - Medium (2 in 1,000 to 4 in 1,000)",3.084304835,Medium - High (0.6-0.8),2,1,226400000
LCA,Saint Lucia,2.5,1.9,3.5,0,2.3,3.4,0.9,2021,0,2014,0,2014,0.82,2019,,,560,2022,2024,518063.99999999994,3256516,1,0,1,0,14750000,16713962,1963962,,,2.53,2025,0.46,13.93,6.98,9.57,40.45,53.7728189043003,2023,0.375102915547686,0.450559293633692,,,,,,,,8,0,141630000
NLD,Netherlands,2.5,3,5.1,0.2,2.8,1.9,0,2021,0,2019,0,2019,0.9,2017,100,2017,51000,2021,,,,,,,,,,,,,4.33,2025,2.2,8.53,5.41,3.45,33.27,65.8722724730304,2023,0.353879572190633,0.67132502165124,1.581120297,Low - Medium (10-20%),1.63254387499688,0.156661462,"Low (0 to 2 in 1,000)",2.410525165,Medium (0.4-0.6),,,
POL,Poland,2.5,2.2,2.9,1.4,3.7,2,4.02,2021,0,2018,0,2018,0.88,2023,100,2023,120,2021,,,,,,,,,,,2026,1377471,4.92,2025,1.73,13.98,8.4,7.87,41.34,61.5406496530338,2023,0.305653132767215,0.536466125827891,1.65863867,Low - Medium (10-20%),1.69051086663265,0.545165738,"Low (0 to 2 in 1,000)",3.43199257,Medium - High (0.6-0.8),2,0,558000000
STP,Sao Tome and Principe,2.5,0.7,1.4,0,3.9,5.4,8.78,2021,,,,,,,,,240,2022,2024,444290,122300,2,0,2,0,407000000,1574840000,1167840000,2026,213333,0.61,2025,0.02,18.86,9.76,12.99,52.92,41.3880591482388,2023,0.541800996405374,0.369562179370151,,,,,,,,,,
SVN,Slovenia,2.5,2.1,3.3,0.8,2.8,2.6,0,2021,3158696704,2023,0.05,2023,0.6,2023,100,2023,8200,2023,,,,,,,,,,,,,2.22,2025,0.31,15.86,12.96,8.98,34.31,63.9395760255655,2023,0.314325595066413,0.593117115577722,0.526117478,Low (<10%),0.614805836421547,1.417806317,"Low - Medium (2 in 1,000 to 4 in 1,000)",2.143194755,Medium (0.4-0.6),,,
TUV,Tuvalu,2.5,1.3,2.5,0,2.7,4.5,0,2021,106864,2022,0,2022,0.65,2022,100,2022,200,2020,2024,3365983,3903061,3,0,3,0,190862890,245637248.77,54774358.769999996,,,1.47,2025,0.15,14.38,7.9,10.39,36.19,52.7207887263845,2023,0.576255343788702,0.630671118316392,,,,,,,,5,5,98000000
URY,Uruguay,2.5,1.7,2.8,0.5,3.1,3.1,0,2021,23186444,2023,0,2023,0.6,2020,100,2020,4300,2023,,,,1,1,0,0,18500000,28000000,9500000,,,5.21,2025,1.54,17.64,15.42,8.81,40.38,56.6101917875127,2023,0.374668976606713,0.506872812356967,1.832983309,Low - Medium (10-20%),1.5591639819179,0.40842066,"Low (0 to 2 in 1,000)",2.754828035,Medium (0.4-0.6),4,1,260500000
AUS,Australia,2.4,2.9,4.7,0.6,2.1,2.4,6.99,2021,392895328,2023,0,2023,0.7,2023,57.53,2023,4700,2023,,,,,,,,,,,,,21.9,2025,31.21,15.37,8.31,14.67,29.78,68.8685917266892,2023,0.31593723845745,0.693309072991234,2.906718433,Medium - High (20-40%),3.15852585250353,1.589633919,"Low - Medium (2 in 1,000 to 4 in 1,000)",1.80087136,Low - Medium (0.2-0.4),,,
AUT,Austria,2.4,1.5,2.6,0.2,3.2,3,1,2021,10655808,2021,0,2021,0.55,2018,40.55,2018,670,2023,,,,,,,,,,,,,1.31,2025,0.17,10.09,9.7,3.36,31.54,69.0440529897239,2023,0.295316568589894,0.676197628384371,0.26150335,Low (<10%),0.287550205179301,0.83167214,"Low (0 to 2 in 1,000)",2.220543905,Medium (0.4-0.6),,,
ARE,United Arab Emirates,2.3,4,4.4,3.5,1,3,0,2021,0,2020,0,2020,0.75,2020,42.86,2020,38,2021,,,,,,,,,,,,,5.97,2025,3.77,9.44,6.44,4.22,30.97,60.2123677346681,2023,0.382862724694561,0.587110079387922,4.999991212,Extremely High (>80%),4.99999242570137,3.412390253,"High (8 in 1,000 to 1 in 100)",,,,,
BRN,Brunei,2.3,1.7,2.8,0.4,2.9,2.6,0,2021,,,,,0.05,2018,,,94,2017,,,,,,,,,,,,,1.31,2025,0.33,5.2,9.62,2.17,6.73,56.7054735287072,2023,0.404039190127774,0.538148660701917,0,Low (<10%),0,1.016926967,"Low - Medium (2 in 1,000 to 4 in 1,000)",,,,,
HUN,Hungary,2.3,1.9,2.8,0.9,2.3,2.8,0,2021,0,2022,0,2022,0.9,2022,100,2022,66,2023,,,,,,,,,,,,,0.91,2025,0.11,7.61,8.81,4.97,10.05,57.0198235705571,2023,0.353221510745416,0.493617982156558,0.425174735,Low (<10%),0.395508652411944,2.239910776,"Medium - High (4 in 1,000 to 8 in 1,000)",3.36644788,Medium - High (0.6-0.8),,,
IRL,Ireland,2.3,1.3,2.3,0.1,2.9,3.1,0,2021,79163536,2017,0,2017,0.4,2017,100,2017,17,2023,,,,,,,,,,,,,3.25,2025,1.45,7.28,8.68,1.87,23.76,64.2468917867885,2023,0.315577264183443,0.600515099919212,0.363338153,Low (<10%),0.330144586216263,1.39562074,"Low - Medium (2 in 1,000 to 4 in 1,000)",2.61739227,Medium (0.4-0.6),,,
OMN,Oman,2.3,3.2,4.8,1.2,1.1,3.5,19.89,2021,,,,,,,,,4500,2023,,,,,,,,,,,2026,5542593,7.84,2025,6.68,9.2,16.59,4.79,9.8,54.1987809750079,2023,0.420216953920259,0.504192573420417,5,Extremely High (>80%),4.99794043010355,2.929035138,"Medium - High (4 in 1,000 to 8 in 1,000)",,,,,
BRB,Barbados,2.2,3.2,4.4,1.9,1.3,2.5,0,2021,524475,2018,0,2018,1,2019,0,2018,29,2023,,,,2,1,1,1,54890913.29,80499063.28999999,25608150,2026,2270167,2.89,2025,0.48,17.4,13.86,8.77,43.32,60.9561765470909,2023,0.370961980033602,0.590085510975419,,,,,,,,,,
ATG,Antigua and Barbuda,2.1,2,3.7,0,1.4,3.5,0,2021,1927359,2020,0,2020,0.6,2019,100,2008,300,2023,,,,3,0,3,2,155953317,183270299,27316982,,,3.8,2025,1.2,12.02,18.08,2.57,37.35,49.0458403757996,2023,0.467682283209992,0.448599090725985,,,,,,,,,,
GBR,United Kingdom,2.1,2,3.5,0.2,3,1.6,1.02,2021,0,2017,0,2017,1,2021,100,2021,4600,2023,,,,,,,,,,,2026,9158,6.14,2025,2.58,14.62,10.64,7.93,37,69.6633498227979,2023,0.288055598949617,0.681322595405575,1.298003739,Low - Medium (10-20%),1.537011748689,0.565270563,"Low (0 to 2 in 1,000)",3.014101605,Medium - High (0.6-0.8),,,
JPN,Japan,2.1,5.8,8.3,1,1.5,1,62.41,2021,716515456,2023,0,2023,1,2023,100,2023,8600,2023,,,,,,,,,,,,,24.81,2025,43.67,14.09,13.44,6.99,29.8,65.8050728143673,2023,0.368956663778576,0.685058120065923,1.967749978,Low - Medium (10-20%),1.78660513881409,0.95985365,"Low (0 to 2 in 1,000)",2.05630799,Medium (0.4-0.6),,,
LTU,Lithuania,2.1,1.6,2.2,1,2.4,2.4,0,2021,184479,2020,0,2020,0.75,2023,100,2023,,,,,,,,,,,,,,,2.32,2025,0.64,8.41,8.9,2.09,31.97,61.9371943452482,2023,0.359642639101339,0.598386526006303,2.139633569,Medium - High (20-40%),2.03807628531007,0.729059862,"Low (0 to 2 in 1,000)",3.392873405,Medium - High (0.6-0.8),,,
MDV,Maldives,2.1,1.5,2.7,0.2,1.7,3.8,0,2021,3287419,2023,0,2023,0,2017,,,54,2023,2024,1181306,3056002,3,0,3,0,73734244,119484271,45750027,2026,85153,1.04,2025,0.11,9.82,9.86,9.93,9.66,45.2104039622165,2023,0.550394839290001,0.45460291853433,,,,,,,,3,0,32000000
MUS,Mauritius,2.1,1.9,3.2,0.4,1.9,2.4,0,2021,1678990,2023,0,2023,0.98,2023,8.33,2023,2300,2023,2024,1387776,1251623,3,1,2,0,361249986.05,1025349485.14,664099499.0899999,2026,41493,3.48,2025,0.73,16.55,11.65,9.9,39.28,57.6056928559842,2023,0.411861399624017,0.563975256743701,,,,,,,,,,
NRU,Nauru,2.1,0.8,1.6,0,3.1,3.5,0,2021,0,2022,0,2022,0.55,2022,0,2022,,,2024,24507,4575,2,0,2,0,134359716,222033590,87673874,,,0.88,2025,0.11,7.12,8.08,2.73,16.35,53.4225171962699,2023,0.509133496151699,0.577583840077097,,,,,,,,,,
PLW,Palau,2.1,1.2,2.3,0,2.4,3.3,0,2021,2183689,2022,0.01,2022,0.73,2021,100,2021,2500,2021,2024,416745,422621,3,0,3,1,163749165,216709523.77,52960358.77,,,2.17,2025,0.36,13.04,6.72,9.89,33.35,46.6070117228557,2023,0.512616259244501,0.444756493701615,,,,,,,,,,
KOR,South Korea,2,4.3,6,2.1,1.5,1.3,0,2021,480993632,2022,0,2022,1,2021,100,2021,40000,2023,,,,,,,,,,,,,11.01,2025,9.96,12.17,8.72,8,25.84,68.5056828854251,2023,0.35688616548857,0.726999823197072,2.381249355,Medium - High (20-40%),2.29408426171036,0.599077532,"Low (0 to 2 in 1,000)",1.78575865,Low - Medium (0.2-0.4),,,
CZE,Czech Republic,1.9,1.1,1.6,0.6,3.5,1.8,5.8,2021,299509920,2017,0,2017,0.05,2023,100,2020,64,2023,,,,,,,,,,,,,1.17,2025,0.1,13.75,9.6,7.54,35.92,64.6756828027501,2023,0.263808553766165,0.557322209821168,1.835970493,Low - Medium (10-20%),2.18939290473823,0.526419424,"Low (0 to 2 in 1,000)",3.06104583,Medium - High (0.6-0.8),,,
EST,Estonia,1.9,1.3,1.6,0.9,3.4,1.5,0,2021,0,2018,0,2018,0.93,2019,100,2019,,,,,,,,,,,,,,,1.84,2025,0.43,7.84,6.93,2,34.81,63.9324029117629,2023,0.33437359477242,0.613021653007678,1.218060312,Low - Medium (10-20%),1.22528058800227,1.32330111,"Low - Medium (2 in 1,000 to 4 in 1,000)",2.609225565,Medium (0.4-0.6),,,
FIN,Finland,1.9,1.7,2.5,0.9,2.4,1.8,0,2021,12212874,2019,0,2019,0.75,2019,100,2019,2,2023,,,,,,,,,,,,,1.6,2025,0.49,5.2,6.82,0.86,23.95,73.2697151191108,2023,0.280200400598793,0.74559470298101,0.80862528,Low (<10%),0.872530467851512,2.638028513,"Medium - High (4 in 1,000 to 8 in 1,000)",1.82366301,Low - Medium (0.2-0.4),,,
KNA,Saint Kitts and Nevis,1.9,1.6,3,0,1.4,3,0,2021,0,2014,0,2014,,,,,33,2017,,,,,,,,,,,,,2.24,2025,0.53,9.43,10.56,2.5,31.73,,,,0.55322089212856,,,,,,,,1,0,9000000
NOR,Norway,1.9,1.9,2.8,0.9,2.5,1.5,0,2021,135532064,2017,0,2017,0.98,2019,98.01,2019,5800,2023,,,,,,,,,,,,,2.95,2025,1.06,8.2,4.47,4.8,25.68,75.4583051443586,2023,0.2556147185431,0.764780821430272,0.188372239,Low (<10%),0.209449045020094,2.857743481,"Medium - High (4 in 1,000 to 8 in 1,000)",0.624842935,Low (0.0-0.2),,,
PRT,Portugal,1.9,2,3.3,0.4,2.1,1.7,0,2021,,,,,0.93,2023,20.45,2023,1700,2023,,,,,,,,,,,,,4.76,2025,3.07,7.37,13.37,2.19,13.66,62.77194932928,2023,0.318490170755297,0.573929157340897,3.260032396,High (40-80%),3.67495426770988,0.724555952,"Low (0 to 2 in 1,000)",2.920869715,Medium (0.4-0.6),,,
SWE,Sweden,1.9,2,2.6,1.3,2.6,1.4,0,2021,20178962,2022,0,2022,0,2019,0,2019,47,2019,,,,,,,,,,,,,3.38,2025,1.05,10.9,7.01,6.81,27.16,69.8248248142432,2023,0.317048367502868,0.713544863787731,0.781293393,Low (<10%),0.885368923974408,2.34570146,"Medium - High (4 in 1,000 to 8 in 1,000)",1.553504005,Low - Medium (0.2-0.4),,,
CHE,Switzerland,1.8,1.3,2.3,0.1,3,1.5,16.25,2021,1339733248,2022,0,2022,0.75,2022,50,2022,410,2023,,,,,,,,,,,2026,2491861,1.23,2025,0.16,9.47,6.42,5.12,25.85,72.0035803135863,2023,0.251258452297331,0.691330058569058,0.405618449,Low (<10%),0.498955688226764,0.427347948,"Low (0 to 2 in 1,000)",1.9412985,Low - Medium (0.2-0.4),,,
BHR,Bahrain,1.7,2.1,1.5,2.7,0.7,3.4,0,2021,0,2024,0,2024,0.5,2023,50,2023,,,,,,1,0,1,0,2320388,2320388,0,,,0.87,2025,0.14,5.45,7.13,2.66,8.55,54.5539737710923,2023,0.435632072422982,0.526711547844828,5,Extremely High (>80%),5,0.177025673,"Low (0 to 2 in 1,000)",,,,,
MLT,Malta,1.7,0.9,1.8,0,1.9,2.9,0,2021,,,,,,,,,,,,,,,,,,,,,,,1.04,2025,0.15,7.21,5.9,2.07,30.73,58.6054490701846,2023,0.319719009677223,0.491827991080915,,,,,,,,,,
ISL,Iceland,1.6,1.3,2.5,0,1.7,1.8,0,2021,,,,,,,,,4600,2023,,,,,,,,,,,,,2.34,2025,0.55,9.94,7.94,6.45,19.17,68.5619308981895,2023,0.322260848379738,0.693499466343527,0,Low (<10%),0,1.459558784,"Low - Medium (2 in 1,000 to 4 in 1,000)",0.55302843,Low (0.0-0.2),,,
NZL,New Zealand,1.6,2.3,4.1,0,1.1,1.5,1.01,2021,7277971456,2023,0.03,2023,0.9,2023,100,2023,14000,2023,,,,,,,,,,,,,15.2,2025,17.99,12.85,8.79,6.69,36.06,69.2704861108011,2023,0.304262215654337,0.689671937870359,0.050880091,Low (<10%),0.179082340947055,2.332007987,"Medium - High (4 in 1,000 to 8 in 1,000)",2.07615692,Medium (0.4-0.6),,,
QAT,Qatar,1.4,2.3,2.2,2.4,1,1.3,0,2021,0,2023,0,2023,1,2023,100,2023,,,,,,,,,,,,,2026,10341051,0.88,2025,0.15,5.19,3.37,2.31,17.98,59.5874339653502,2023,0.351294466670451,0.543043145977455,5,Extremely High (>80%),5,0.389484803,"Low (0 to 2 in 1,000)",,,,,
SYC,Seychelles,1.4,1.2,2.2,0,1,2.3,0,2021,120900,2017,0,2017,,,,,20,2016,,,,2,0,2,0,212767986,1190386085,977618099,,,2.68,2025,1.03,6.96,4.4,2.21,34.64,51.4748927576649,2023,0.444141275646427,0.473639130799724,,,,,,,,2,1,60000000
DNK,Denmark,1.3,1.4,2.2,0.5,2.5,0.7,0,2021,,,,,0,2019,,,520,2023,,,,,,,,,,,2026,72782,1.07,2025,0.18,6.32,5.73,1.54,28.54,70.8942615158465,2023,0.347435104310872,0.765320334627802,0.951421243,Low (<10%),0.975317996910302,1.320225767,"Low - Medium (2 in 1,000 to 4 in 1,000)",3.16564955,Medium - High (0.6-0.8),,,
LIE,Liechtenstein,1,0.8,1.6,0,1,1.1,,,,,,,,,,,,,,,,,,,,,,,,,0.68,2025,0.09,5.07,6.63,0.98,20.08,,,,0.638210926502373,0.813133463,Low (<10%),0.899052778361691,3.817457696,"High (8 in 1,000 to 1 in 100)",,,,,
LUX,Luxembourg,1,0.5,0.9,0.1,2.1,1.1,0,2021,,,,,,,,,560,2021,,,,,,,,,,,,,0.57,2025,0.06,5.48,5.35,3.09,9.98,67.1894851941246,2023,0.31132701026558,0.655116714148073,2.931524656,Medium - High (20-40%),3.25894460096271,0.287466829,"Low (0 to 2 in 1,000)",1.655550765,Low - Medium (0.2-0.4),,,
SGP,Singapore,0.7,0.8,1.1,0.5,0.5,0.8,0,2021,,,,,,,,,,,,,,,,,,,,,2026,41591,0.67,2025,0.15,2.99,3.92,0.86,7.94,70.5715560176398,2023,0.38869248799521,0.800123608348007,,,,,,,,,,